epoch,time,train/box_loss,train/cls_loss,train/dfl_loss,metrics/precision(B),metrics/recall(B),metrics/mAP50(B),metrics/mAP50-95(B),val/box_loss,val/cls_loss,val/dfl_loss,lr/pg0,lr/pg1,lr/pg2
1,10.0318,1.1559,3.58388,1.50631,0.01441,0.57231,0.15579,0.12994,0.78412,3.16493,1.14009,0.00012861,0.00012861,0.00012861
2,12.8391,0.95803,3.17468,1.29815,0.04898,0.89153,0.31747,0.2361,0.82263,3.11003,1.14195,0.000268822,0.000268822,0.000268822
3,15.4473,0.84148,2.52447,1.28504,0.01692,0.67196,0.41974,0.30651,0.83301,3.14305,1.39956,0.000406205,0.000406205,0.000406205
4,18.1393,1.00175,2.50131,1.39943,0.01655,0.95591,0.58549,0.39103,0.80606,2.83654,1.27532,0.000540758,0.000540758,0.000540758
5,20.8927,0.91105,2.28274,1.35916,0.01873,0.94004,0.61226,0.45633,0.84083,2.86413,1.31739,0.000672482,0.000672482,0.000672482
6,23.6155,0.90929,1.8747,1.28001,1,0.15435,0.6698,0.47004,0.86843,2.6971,1.30349,0.000801376,0.000801376,0.000801376
7,26.2115,0.90307,1.7509,1.26971,1,0.2063,0.73396,0.56166,0.87765,2.50269,1.25655,0.000927441,0.000927441,0.000927441
8,28.7456,0.83019,1.7118,1.27496,0.91308,0.28816,0.64354,0.42971,0.98001,2.40828,1.38704,0.00105068,0.00105068,0.00105068
9,31.4938,0.89021,1.54878,1.21563,0.70523,0.59883,0.75964,0.46393,1.04814,2.05377,1.40353,0.00117108,0.00117108,0.00117108
10,34.2714,0.96385,1.47006,1.23004,0.78859,0.70718,0.75688,0.50042,1.07387,2.02467,1.51557,0.00128866,0.00128866,0.00128866
11,36.749,0.89822,1.56017,1.26733,0.60054,0.71825,0.65718,0.49366,1.01818,1.63489,1.39053,0.00128753,0.00128753,0.00128753
12,39.4784,0.89662,1.55064,1.24694,0.64533,0.77381,0.72638,0.57242,0.85598,1.47917,1.26596,0.00127338,0.00127338,0.00127338
13,42.0679,0.88949,1.53809,1.25835,0.71503,0.74453,0.74338,0.58717,0.83771,1.39858,1.22782,0.00125923,0.00125923,0.00125923
14,44.7908,0.86314,1.39195,1.21867,0.8409,0.8567,0.89686,0.68016,0.87104,1.12773,1.2458,0.00124509,0.00124509,0.00124509
15,47.5448,0.92328,1.49257,1.28201,0.9215,0.84518,0.92399,0.72858,0.82231,1.22368,1.21204,0.00123094,0.00123094,0.00123094
16,50.043,0.83484,1.39204,1.19117,0.88842,0.90035,0.93791,0.74011,0.76946,1.17898,1.20751,0.00121679,0.00121679,0.00121679
17,52.5946,0.80092,1.22168,1.14532,0.92324,0.88457,0.94094,0.72886,0.81076,1.08665,1.23914,0.00120265,0.00120265,0.00120265
18,55.1408,0.75861,1.22425,1.1218,0.82801,0.9609,0.91257,0.72242,0.78789,1.03762,1.21879,0.0011885,0.0011885,0.0011885
19,57.6108,0.87644,1.25758,1.20762,0.80126,0.82678,0.85489,0.65186,0.77644,1.1014,1.19731,0.00117435,0.00117435,0.00117435
20,60.2066,0.77822,1.2627,1.18411,0.93396,0.86634,0.94409,0.73859,0.789,1.02651,1.19644,0.00116021,0.00116021,0.00116021
21,62.8588,0.79021,1.19722,1.14908,0.8948,0.89683,0.94258,0.76039,0.73429,1.03451,1.14885,0.00114606,0.00114606,0.00114606
22,65.5544,0.90877,1.28316,1.29682,0.86606,0.96825,0.9427,0.7661,0.69476,1.0706,1.11375,0.00113191,0.00113191,0.00113191
23,68.2177,0.74826,1.09613,1.15176,0.90739,0.89683,0.94295,0.76218,0.73223,1.11501,1.14285,0.00111776,0.00111776,0.00111776
24,70.7967,0.76415,1.0419,1.10778,0.91738,0.92827,0.95117,0.77172,0.75088,1.13991,1.2011,0.00110362,0.00110362,0.00110362
25,73.4836,0.76634,1.13681,1.17075,0.93432,0.93651,0.94959,0.76254,0.76459,1.02543,1.21853,0.00108947,0.00108947,0.00108947
26,76.079,0.7571,1.07559,1.11789,0.95187,0.96715,0.96157,0.77698,0.72428,0.93855,1.15812,0.00107532,0.00107532,0.00107532
27,78.7548,0.68988,1.14043,1.13838,0.95933,0.96402,0.96488,0.7871,0.70185,0.89771,1.14073,0.00106118,0.00106118,0.00106118
28,81.5428,0.71874,0.97088,1.0845,0.92126,0.96423,0.96055,0.77974,0.70139,0.94611,1.1326,0.00104703,0.00104703,0.00104703
29,84.3488,0.69399,0.90767,1.06317,0.91135,0.92485,0.94802,0.73755,0.79218,0.95569,1.19724,0.00103288,0.00103288,0.00103288
30,86.7682,0.77207,1.1749,1.17731,0.91987,0.94455,0.96276,0.76523,0.76434,0.90099,1.18905,0.00101873,0.00101873,0.00101873
31,89.328,0.76224,0.99961,1.15156,0.94941,0.94048,0.96222,0.76124,0.73955,0.82819,1.14704,0.00100459,0.00100459,0.00100459
32,91.8129,0.71956,0.96338,1.11489,0.88225,0.9363,0.94814,0.7457,0.75002,0.82986,1.15968,0.00099044,0.00099044,0.00099044
33,94.3866,0.74793,0.97918,1.11774,0.92843,0.88472,0.95644,0.73222,0.77268,0.87258,1.17533,0.000976293,0.000976293,0.000976293
34,96.9968,0.64871,0.91635,1.07099,0.90671,0.9127,0.96055,0.76494,0.72424,0.83505,1.15454,0.000962146,0.000962146,0.000962146
35,99.4948,0.66846,0.88717,1.08634,0.95873,0.95148,0.97138,0.78631,0.72989,0.83044,1.14274,0.000947999,0.000947999,0.000947999
36,102.01,0.68944,0.86292,1.07161,0.92045,0.95056,0.96812,0.77418,0.73887,0.83139,1.14569,0.000933851,0.000933851,0.000933851
37,104.598,0.70882,0.87442,1.12959,0.85679,0.84287,0.9144,0.7114,0.76164,0.9357,1.1492,0.000919704,0.000919704,0.000919704
38,107.219,0.63517,1.0095,1.09815,0.86151,0.94048,0.94932,0.75864,0.7557,0.77064,1.16076,0.000905557,0.000905557,0.000905557
39,109.809,0.67081,0.8377,1.07825,0.96699,0.94043,0.9631,0.77719,0.74042,0.72199,1.16978,0.00089141,0.00089141,0.00089141
40,112.537,0.60757,0.8808,1.07006,0.96398,0.94048,0.96078,0.77064,0.72275,0.68548,1.1712,0.000877263,0.000877263,0.000877263
41,115.253,0.64531,0.78995,1.04775,0.9538,0.96459,0.97226,0.77399,0.73141,0.68198,1.14164,0.000863116,0.000863116,0.000863116
42,117.768,0.60886,0.77782,1.06239,0.96818,0.95911,0.96622,0.7678,0.7262,0.68027,1.17326,0.000848969,0.000848969,0.000848969
43,120.244,0.62099,0.77049,1.03777,0.96443,0.96825,0.97323,0.77751,0.71082,0.63396,1.15988,0.000834822,0.000834822,0.000834822
44,122.835,0.65355,0.85528,1.06532,0.96292,0.94048,0.96213,0.7687,0.71385,0.64363,1.12761,0.000820675,0.000820675,0.000820675
45,125.493,0.67553,0.91927,1.09919,0.96337,0.9378,0.96169,0.78196,0.69326,0.62656,1.10076,0.000806528,0.000806528,0.000806528
46,128.131,0.65621,0.83375,1.09676,0.96951,0.96825,0.96271,0.80045,0.66851,0.59976,1.07502,0.00079238,0.00079238,0.00079238
47,130.667,0.64958,0.81644,1.08086,0.96797,0.96825,0.95889,0.80566,0.67174,0.58446,1.08154,0.000778233,0.000778233,0.000778233
48,133.102,0.65979,0.78121,1.06827,0.96816,0.96805,0.95446,0.79192,0.67804,0.63245,1.08116,0.000764086,0.000764086,0.000764086
49,135.669,0.58579,0.7357,1.0339,0.9256,0.96825,0.94854,0.79899,0.64381,0.59618,1.06839,0.000749939,0.000749939,0.000749939
50,138.326,0.59764,0.76178,1.04534,0.94499,0.96825,0.95964,0.79637,0.65656,0.59363,1.0669,0.000735792,0.000735792,0.000735792
51,140.823,0.65137,0.81324,1.1256,0.95181,0.95643,0.9605,0.80387,0.66592,0.61007,1.06722,0.000721645,0.000721645,0.000721645
52,143.328,0.65159,0.67986,1.02463,0.96497,0.96825,0.96697,0.79376,0.69721,0.57305,1.11033,0.000707498,0.000707498,0.000707498
53,145.779,0.58652,0.74791,0.99211,0.96537,0.96825,0.96297,0.78644,0.68692,0.58144,1.10884,0.000693351,0.000693351,0.000693351
54,148.41,0.61356,0.67147,1.0442,0.96577,0.96825,0.9629,0.78514,0.68275,0.57526,1.10847,0.000679204,0.000679204,0.000679204
55,150.971,0.6389,0.6792,1.0148,0.93883,0.96825,0.95804,0.77715,0.71175,0.57072,1.13099,0.000665057,0.000665057,0.000665057
56,153.531,0.61177,0.72916,1.00584,0.94778,0.95792,0.95896,0.77271,0.72596,0.55904,1.14993,0.000650909,0.000650909,0.000650909
57,156.343,0.61444,0.68828,1.01528,0.96688,0.95912,0.95904,0.77486,0.71895,0.55916,1.15958,0.000636762,0.000636762,0.000636762
58,159.331,0.56474,0.64091,1.01889,0.95563,0.96825,0.95914,0.76618,0.71503,0.55598,1.17493,0.000622615,0.000622615,0.000622615
59,161.964,0.54182,0.61613,0.99509,0.95929,0.96825,0.95554,0.76223,0.71001,0.56641,1.1634,0.000608468,0.000608468,0.000608468
60,164.889,0.62013,0.65735,1.07157,0.95975,0.96825,0.95532,0.78197,0.68352,0.54027,1.14013,0.000594321,0.000594321,0.000594321
61,167.391,0.56141,0.67214,1.04743,0.96675,0.97512,0.95786,0.78945,0.67771,0.5318,1.12833,0.000580174,0.000580174,0.000580174
62,170.278,0.54423,0.62852,0.99701,0.96603,0.97824,0.96134,0.77867,0.69684,0.52738,1.13493,0.000566027,0.000566027,0.000566027
63,173.11,0.57364,0.65318,1.04656,0.96461,0.98061,0.96315,0.78087,0.70275,0.52593,1.13551,0.00055188,0.00055188,0.00055188
64,175.533,0.5748,0.61078,1.0156,0.9428,0.98218,0.9648,0.77827,0.71701,0.51288,1.14874,0.000537733,0.000537733,0.000537733
65,178.011,0.56095,0.70052,1.04243,0.96964,0.97506,0.97158,0.78227,0.7067,0.49399,1.1496,0.000523586,0.000523586,0.000523586
66,180.658,0.54823,0.59956,0.99957,0.97084,0.97133,0.97256,0.7869,0.68338,0.48647,1.13401,0.000509438,0.000509438,0.000509438
67,183.683,0.48433,0.64473,0.96514,0.97124,0.96989,0.97167,0.7965,0.68251,0.48567,1.12051,0.000495291,0.000495291,0.000495291
68,186.215,0.48117,0.65267,0.99643,0.97103,0.97055,0.96949,0.78093,0.71916,0.4841,1.14424,0.000481144,0.000481144,0.000481144
69,188.631,0.55198,0.65264,1.07066,0.97157,0.97058,0.96949,0.78121,0.71837,0.48296,1.13084,0.000466997,0.000466997,0.000466997
70,191.093,0.55335,0.60002,0.9777,0.96898,0.96984,0.97372,0.80382,0.67711,0.47548,1.06433,0.00045285,0.00045285,0.00045285
71,193.9,0.52632,0.68528,1.06234,0.95967,0.96626,0.97692,0.7967,0.67842,0.46209,1.07487,0.000438703,0.000438703,0.000438703
72,196.409,0.54471,0.59336,1.01495,0.94697,0.98142,0.97375,0.80463,0.67752,0.4689,1.07722,0.000424556,0.000424556,0.000424556
73,199.085,0.4727,1.71468,0.8854,0.94237,0.97822,0.96835,0.80242,0.66664,0.47435,1.07119,0.000410409,0.000410409,0.000410409
74,201.812,0.54142,0.67977,1.02291,0.96385,0.97671,0.97075,0.81143,0.6622,0.47381,1.07624,0.000396262,0.000396262,0.000396262
75,204.379,0.55148,0.65087,1.05379,0.96702,0.96103,0.97284,0.80696,0.66618,0.48358,1.08764,0.000382115,0.000382115,0.000382115
76,206.877,0.54732,0.59806,1.00503,0.96648,0.9647,0.97547,0.80128,0.68756,0.49761,1.11643,0.000367967,0.000367967,0.000367967
77,209.575,0.50657,0.73068,1.04006,0.96689,0.96724,0.97441,0.80315,0.68501,0.49471,1.11411,0.00035382,0.00035382,0.00035382
78,212.04,0.50535,0.6508,1.01281,0.96672,0.96724,0.97382,0.79746,0.69547,0.47863,1.12362,0.000339673,0.000339673,0.000339673
79,214.759,0.49349,0.5744,0.97854,0.96712,0.96825,0.96971,0.77841,0.70553,0.45123,1.13705,0.000325526,0.000325526,0.000325526
80,217.57,0.44204,0.5436,0.94741,0.96871,0.96471,0.97235,0.79218,0.69762,0.45222,1.12858,0.000311379,0.000311379,0.000311379
81,220.127,0.52618,0.57032,0.99374,0.97057,0.9634,0.9703,0.79011,0.69293,0.44773,1.12566,0.000297232,0.000297232,0.000297232
82,222.635,0.51087,0.5626,0.96814,0.97103,0.96112,0.96812,0.79201,0.69609,0.43472,1.14786,0.000283085,0.000283085,0.000283085
83,225.296,0.4715,0.54058,0.9655,0.9694,0.96236,0.9703,0.78907,0.69824,0.43462,1.16061,0.000268938,0.000268938,0.000268938
84,227.731,0.43519,0.49253,0.93391,0.96616,0.96575,0.9703,0.78977,0.70193,0.43292,1.1655,0.000254791,0.000254791,0.000254791
85,230.388,0.5279,0.61841,1.03792,0.96927,0.972,0.97372,0.79579,0.70398,0.4502,1.16866,0.000240644,0.000240644,0.000240644
86,233,0.47673,0.54727,0.95361,0.96927,0.97241,0.97577,0.79418,0.71037,0.45266,1.16904,0.000226497,0.000226497,0.000226497
87,235.538,0.50132,0.5775,0.9761,0.96941,0.97238,0.97372,0.79155,0.71125,0.4544,1.16826,0.000212349,0.000212349,0.000212349
88,238.218,0.46048,0.57791,0.9852,0.96981,0.97197,0.97167,0.7962,0.69871,0.45012,1.14806,0.000198202,0.000198202,0.000198202
89,240.652,0.46678,0.51159,0.95423,0.97108,0.97108,0.97167,0.79903,0.67926,0.44486,1.12638,0.000184055,0.000184055,0.000184055
90,243.235,0.48217,0.51667,0.96208,0.97235,0.97069,0.97167,0.79716,0.67009,0.43843,1.11866,0.000169908,0.000169908,0.000169908
91,253.591,0.40749,0.61735,0.89905,0.97126,0.97108,0.96949,0.79869,0.65831,0.43812,1.11006,0.000155761,0.000155761,0.000155761
92,256.041,0.43896,0.65589,0.90327,0.96998,0.97152,0.96949,0.79969,0.66444,0.43728,1.10914,0.000141614,0.000141614,0.000141614
93,258.413,0.4422,0.59124,0.92884,0.97025,0.97172,0.96888,0.79649,0.66619,0.43839,1.1095,0.000127467,0.000127467,0.000127467
94,260.76,0.40919,0.60045,0.91203,0.97116,0.97139,0.96949,0.7967,0.66395,0.43813,1.1074,0.00011332,0.00011332,0.00011332
95,263.335,0.38388,0.56828,0.87966,0.97221,0.97055,0.96949,0.79398,0.66624,0.44142,1.11556,9.91726e-05,9.91726e-05,9.91726e-05
96,265.9,0.44055,0.58598,0.97169,0.97215,0.97046,0.96949,0.79972,0.6687,0.4393,1.12145,8.50255e-05,8.50255e-05,8.50255e-05
97,268.3,0.38285,0.59511,0.89277,0.97109,0.97084,0.96949,0.792,0.67265,0.43425,1.12711,7.08784e-05,7.08784e-05,7.08784e-05
98,270.659,0.4402,0.58466,0.91516,0.97069,0.97117,0.96949,0.79242,0.67136,0.43343,1.12833,5.67313e-05,5.67313e-05,5.67313e-05
99,272.931,0.40586,0.56311,0.93958,0.9708,0.97109,0.96949,0.79352,0.67045,0.43143,1.1279,4.25842e-05,4.25842e-05,4.25842e-05
100,275.355,0.42076,0.56521,0.91972,0.97111,0.97128,0.96949,0.78972,0.67042,0.42836,1.12867,2.84371e-05,2.84371e-05,2.84371e-05
